id,project_id,picture,created_at
1,1,thanks_img.jpeg,"2021-02-04 17:42:07"
2,1,burger_contact.jpg,"2021-02-04 17:40:42"
3,1,inscription_img.jpg,"2021-02-04 17:40:50"
4,1,inscription_img_2.jpg,"2021-02-04 17:40:54"
6,1,"logo copie.png","2021-02-04 17:39:50"
7,2,"Capture d’écran de 2021-02-04 17-44-27.png","2021-02-04 17:44:57"
8,2,"Capture d’écran de 2021-02-04 17-44-31.png","2021-02-04 17:45:03"
9,2,"Capture d’écran de 2021-02-04 17-44-40.png","2021-02-04 17:45:16"
10,2,"Capture d’écran de 2021-02-04 17-45-27.png","2021-02-04 17:45:46"
11,2,"Capture d’écran de 2021-02-04 17-45-36.png","2021-02-04 17:45:59"
12,3,"Capture d’écran de 2021-02-04 17-48-13.png","2021-02-04 17:49:07"
13,3,"Capture d’écran de 2021-02-04 17-48-19.png","2021-02-04 17:49:14"
14,3,"Capture d’écran de 2021-02-04 17-48-21.png","2021-02-04 17:49:21"
15,3,"Capture d’écran de 2021-02-04 17-48-25.png","2021-02-04 17:49:29"
16,3,"Capture d’écran de 2021-02-04 17-48-36.png","2021-02-04 17:49:36"
17,4,"Capture d’écran de 2021-02-04 17-51-08.png","2021-02-04 17:52:23"
18,4,"Capture d’écran de 2021-02-04 17-51-11.png","2021-02-04 17:52:31"
19,4,"Capture d’écran de 2021-02-04 17-51-48.png","2021-02-04 17:52:37"
20,5,"Capture d’écran de 2021-02-04 17-54-10.png","2021-02-04 18:01:43"
21,5,"Capture d’écran de 2021-02-04 18-00-20.png","2021-02-04 18:01:51"
22,5,"Capture d’écran de 2021-02-04 17-59-46.png","2021-02-04 18:01:59"
